rho,tol,method,instance,cpuTime,rawMVP,outerIterations,proxResidual,relativeRecoveryError,relativeFunctionGap,success
0.01,0.01,PSSgb-L-BFGS,1,0.1785319,12,5,0.054502640880126,0.170059963520032,0.00904421100471364,1
0.01,0.01,PSSgb-L-BFGS,2,0.1760675,12,5,0.042701684996132,0.152493172020309,0.00578333484524496,1
0.01,0.01,PSSgb-L-BFGS,3,0.1759081,12,5,0.0533873915157128,0.151874438723771,0.00820396410107094,1
0.01,0.01,PSSgb-L-BFGS,4,0.2057984,14,6,0.0220601901094216,0.14898141209317,0.0016534526584101,1
0.01,0.01,PSSgb-L-BFGS,5,0.2065078,14,6,0.0229769007935602,0.129399614943722,0.00150785939515075,1
0.01,0.01,PSSgb-L-BFGS,6,0.1756756,12,5,0.035361457023031,0.175838516743043,0.00497342847977778,1
0.01,0.01,PSSgb-L-BFGS,7,0.1768807,12,5,0.0333731551275767,0.167400292849346,0.0043437551205403,1
0.01,0.01,PSSgb-L-BFGS,8,0.1839212,12,5,0.054785613157258,0.1656530171965,0.00880839659139787,1
0.01,0.01,PSSgb-L-BFGS,9,0.1663328,12,5,0.0502695859173411,0.161373836620561,0.00837934774845106,1
0.01,0.01,PSSgb-L-BFGS,10,0.2002686,14,6,0.0237142699323261,0.134209349970756,0.0019696169804051,1
0.01,0.01,PSSgb-CG,1,0.4451874,114,6,0.0184816566156004,0.151164771319477,0.00128588451546041,1
0.01,0.01,PSSgb-CG,2,0.4308421,112,6,0.00997420130029567,0.130655678130316,0.000359019593288545,1
0.01,0.01,PSSgb-CG,3,0.4697666,114,6,0.0306930078770448,0.142966178620055,0.0033614904585364,1
0.01,0.01,PSSgb-CG,4,0.4642651,116,6,0.0314070450967913,0.155784903102276,0.00309944921726424,1
0.01,0.01,PSSgb-CG,5,0.4802705,118,6,0.0429659788299089,0.15728577633303,0.00692424599970154,1
0.01,0.01,PSSgb-CG,6,0.4083404,108,6,0.00572298700197176,0.143986640564927,0.000128758742496182,1
0.01,0.01,PSSgb-CG,7,0.4132531,110,6,0.00458020779221234,0.138017933224297,8.09414244220541e-05,1
0.01,0.01,PSSgb-CG,8,0.4635448,116,6,0.0232288047356995,0.146985793828686,0.00186303173991442,1
0.01,0.01,PSSgb-CG,9,0.4505212,116,6,0.03229602249796,0.154377077142574,0.00395810690481535,1
0.01,0.01,PSSgb-CG,10,0.4762227,118,6,0.0500474583256303,0.157235276504666,0.00813815477964175,1
0.01,0.01,FAST-2CDA-E,1,0.2674784,4,3,0.00190158982486132,0.134029809274075,1.51298547911294e-05,1
0.01,0.01,FAST-2CDA-E,2,0.2602535,4,3,0.00244167484310309,0.122789073959285,2.52296650502526e-05,1
0.01,0.01,FAST-2CDA-E,3,0.2618757,4,3,0.00168986925098896,0.119468633916209,1.21064658227255e-05,1
0.01,0.01,FAST-2CDA-E,4,0.2608345,4,3,0.00286371892127469,0.134448957029572,3.3564944466935e-05,1
0.01,0.01,FAST-2CDA-E,5,0.2614137,4,3,0.00205202922671988,0.118252763099565,1.73445299239683e-05,1
0.01,0.01,FAST-2CDA-E,6,0.2606441,4,3,0.00217431682569442,0.13990555680528,1.99045659956543e-05,1
0.01,0.01,FAST-2CDA-E,7,0.263586,4,3,0.00152996022968194,0.134318784806919,9.85988680146654e-06,1
0.01,0.01,FAST-2CDA-E,8,0.2643521,4,3,0.00221196223348798,0.128770181474561,1.9413570058302e-05,1
0.01,0.01,FAST-2CDA-E,9,0.2561474,4,3,0.00132620035207593,0.121992159300087,7.34768235644001e-06,1
0.01,0.01,FAST-2CDA-E,10,0.2635942,4,3,0.00264196955064433,0.120298577826061,2.91029826736677e-05,1
0.01,0.01,SpaRSA,1,0.3915604,28,8,0.00589834794209958,0.134692763664505,0.000134119809937605,1
0.01,0.01,SpaRSA,2,0.4005984,28,8,0.00764000675567059,0.126507169624285,0.000212590441263205,1
0.01,0.01,SpaRSA,3,0.3950178,28,8,0.00712139719189672,0.12441538012795,0.000186545955364048,1
0.01,0.01,SpaRSA,4,0.3988839,28,8,0.00888771849604493,0.135985978747563,0.000298907524211911,1
0.01,0.01,SpaRSA,5,0.3956282,28,8,0.00820452581114306,0.122202574206914,0.000248836445348566,1
0.01,0.01,SpaRSA,6,0.3140486,22,6,0.0487320428126702,0.0812947691209677,0.00995417668660314,1
0.01,0.01,SpaRSA,7,0.3119053,22,6,0.0479607351157952,0.0827266982859244,0.00894952206314037,1
0.01,0.01,SpaRSA,8,0.3962603,28,8,0.0075717573278092,0.130182569486916,0.000213869250750176,1
0.01,0.01,SpaRSA,9,0.3785579,28,8,0.00715681966136473,0.126169841842151,0.000186240058159592,1
0.01,0.01,SpaRSA,10,0.3960691,28,8,0.00834929468762859,0.123598545635138,0.000253344764253094,1
0.01,0.01,TMAP-CG,1,0.1340439,56,3,0.00455239320919637,0.129301445857217,8.30677477651198e-05,1
0.01,0.01,TMAP-CG,2,0.1337615,54,3,0.00364125786630763,0.119207228799972,5.38228546558273e-05,1
0.01,0.01,TMAP-CG,3,0.1449512,56,3,0.00618930936491422,0.113275883725262,0.000146912907251884,1
0.01,0.01,TMAP-CG,4,0.1437001,56,3,0.00636884179680281,0.129373192598099,0.000163894829075639,1
0.01,0.01,TMAP-CG,5,0.1469964,56,3,0.00676078665674501,0.111205879398095,0.000180760961704274,1
0.01,0.01,TMAP-CG,6,0.1271765,54,3,0.00382698553864004,0.136499131456942,5.78561841780845e-05,1
0.01,0.01,TMAP-CG,7,0.1273326,50,3,0.00248113287816321,0.132476639286095,2.47030932221115e-05,1
0.01,0.01,TMAP-CG,8,0.1412477,56,3,0.0065082666543931,0.120859078379328,0.000170349164468786,1
0.01,0.01,TMAP-CG,9,0.139802,56,3,0.005982463760058,0.116936910043587,0.000141792820839259,1
0.01,0.01,TMAP-CG,10,0.1482117,58,3,0.0067885895978511,0.112784864938606,0.000181349755333904,1
0.01,0.01,TMAP-L-BFGS,1,0.1304142,15,6,0.0484584885484794,0.0914897386485829,0.00820047907921773,1
0.01,0.01,TMAP-L-BFGS,2,0.1323309,15,6,0.0272426142496194,0.10950030818433,0.00256483099116622,1
0.01,0.01,TMAP-L-BFGS,3,0.1509255,18,7,0.0433702657088133,0.0844899821250046,0.00656905294570032,1
0.01,0.01,TMAP-L-BFGS,4,0.1651776,21,8,0.0293386267854915,0.100063538327231,0.00344726484695113,1
0.01,0.01,TMAP-L-BFGS,5,0.1362007,15,6,0.0462614013088934,0.0768893404329046,0.00738030316622773,1
0.01,0.01,TMAP-L-BFGS,6,0.1300309,15,6,0.0284285756988497,0.128089270477868,0.002623567679922,1
0.01,0.01,TMAP-L-BFGS,7,0.1311901,15,6,0.03039908184689,0.151087258670727,0.00296937476180914,1
0.01,0.01,TMAP-L-BFGS,8,0.1344696,15,6,0.042098927451761,0.0907428375686857,0.00658213352162962,1
0.01,0.01,TMAP-L-BFGS,9,0.127033,15,6,0.0465483780398184,0.0748598969295926,0.00766672232666499,1
0.01,0.01,TMAP-L-BFGS,10,0.1572146,19,8,0.00959877394940823,0.119439037314797,0.000365360061799991,1
0.01,0.01,ASSN,1,0.3386392,39,6,0.0077040197035944,0.127219138997213,0.00522598494189142,1
0.01,0.01,ASSN,2,0.3357794,37,6,0.00805087242225594,0.116520383026162,0.0053303424926493,1
0.01,0.01,ASSN,3,0.358333,39,6,0.00878439499285965,0.113307244933917,0.00629635099436787,1
0.01,0.01,ASSN,4,0.3549526,39,6,0.00924429227225859,0.126849488130731,0.00602995905619375,1
0.01,0.01,ASSN,5,0.3664462,39,6,0.010251856141781,0.110007287653914,0.00713052359341193,1
0.01,0.01,ASSN,6,0.3204874,37,6,0.00681038491134983,0.134655989599658,0.00453972111946588,1
0.01,0.01,ASSN,7,0.322416,35,6,0.0058417442941891,0.130048438816346,0.00389069894569749,1
0.01,0.01,ASSN,8,0.3539466,39,6,0.00960057042385896,0.119855683546734,0.00647515751459316,1
0.01,0.01,ASSN,9,0.3379684,39,6,0.0092504347972251,0.11527078781399,0.00619646840080457,1
0.01,0.01,ASSN,10,0.3496384,39,6,0.0103220915176238,0.111853441677133,0.00688316852045967,1
0.01,0.0001,PSSgb-L-BFGS,1,0.2522089,18,8,0.001744307392921,0.124520923551456,1.31846808985037e-05,1
0.01,0.0001,PSSgb-L-BFGS,2,0.2229034,16,7,0.00417230385167784,0.123258387135926,6.81510087062742e-05,1
0.01,0.0001,PSSgb-L-BFGS,3,0.2304402,16,7,0.00480239718603316,0.127859626339328,9.28998950535664e-05,1
0.01,0.0001,PSSgb-L-BFGS,4,0.251558,18,8,0.00131450772323239,0.120246730821253,6.99539088921952e-06,1
0.01,0.0001,PSSgb-L-BFGS,5,0.2568778,18,8,0.00080808745971276,0.132574224205299,2.80772221572523e-06,1
0.01,0.0001,PSSgb-L-BFGS,6,0.2346507,16,7,0.00499490361039826,0.122037751193276,9.50800243875172e-05,1
0.01,0.0001,PSSgb-L-BFGS,7,0.2491537,18,8,0.00113761785415822,0.128839948432156,5.52226273486944e-06,1
0.01,0.0001,PSSgb-L-BFGS,8,0.2658233,18,8,0.0010258720143024,0.123905261690723,4.26976785028454e-06,1
0.01,0.0001,PSSgb-L-BFGS,9,0.2566393,18,8,0.000722699296300295,0.119699721732237,2.32192791549402e-06,1
0.01,0.0001,PSSgb-L-BFGS,10,0.2643945,18,8,0.00130859243102328,0.119468614916688,7.3424979712966e-06,1
0.01,0.0001,PSSgb-CG,1,0.6032407,160,8,0.00135825943479834,0.12468130612173,7.59850053944078e-06,1
0.01,0.0001,PSSgb-CG,2,0.4438288,124,7,8.41857905500843e-07,0.127426802305792,2.82673884299811e-12,1
0.01,0.0001,PSSgb-CG,3,0.5093887,144,8,8.1038404358315e-08,0.133264831340756,2.55351295663786e-14,1
0.01,0.0001,PSSgb-CG,4,0.5067868,144,8,1.0234973731927e-07,0.120858260190397,4.29656310529936e-14,1
0.01,0.0001,PSSgb-CG,5,0.5192985,142,8,2.92159232801323e-05,0.132673343415963,3.42747563664147e-09,1
0.01,0.0001,PSSgb-CG,6,0.4733892,126,7,0.000886097002666131,0.125929588765763,3.11110482331678e-06,1
0.01,0.0001,PSSgb-CG,7,0.5154408,144,8,1.00921390540266e-06,0.128804107567692,4.19941859064465e-12,1
0.01,0.0001,PSSgb-CG,8,0.4849994,126,7,0.000816084580262151,0.124475832626186,2.61973255388792e-06,1
0.01,0.0001,PSSgb-CG,9,0.5234192,144,8,0.000146582068025787,0.119715213924982,6.85765916275116e-08,1
0.01,0.0001,PSSgb-CG,10,0.5743281,150,8,0.000753781287968527,0.118522416100253,2.38211178060777e-06,1
0.01,0.0001,FAST-2CDA-E,1,0.2866411,6,5,1.13443569966026e-05,0.124547437548205,5.40478550803414e-10,1
0.01,0.0001,FAST-2CDA-E,2,0.2818489,6,5,3.66427539341672e-06,0.127426207721208,5.50389733788847e-11,1
0.01,0.0001,FAST-2CDA-E,3,0.2890298,6,5,3.84418510863084e-06,0.133266271734162,6.31511509752158e-11,1
0.01,0.0001,FAST-2CDA-E,4,0.2689268,5,4,6.80932178539359e-05,0.12086225870342,1.94411892140423e-08,1
0.01,0.0001,FAST-2CDA-E,5,0.2732304,5,4,4.93064019672281e-05,0.132674269177083,1.01195403168219e-08,1
0.01,0.0001,FAST-2CDA-E,6,0.2955052,6,5,2.74619849964736e-10,0.125711724364709,0,1
0.01,0.0001,FAST-2CDA-E,7,0.2679691,5,4,3.44420977731318e-05,0.128811018034821,5.03803021523197e-09,1
0.01,0.0001,FAST-2CDA-E,8,0.2751552,5,4,8.61760762472392e-05,0.124314724288354,3.0880210055706e-08,1
0.01,0.0001,FAST-2CDA-E,9,0.2751407,5,4,4.84796084429493e-05,0.119707944136383,1.02702081283823e-08,1
0.01,0.0001,FAST-2CDA-E,10,0.2759244,5,4,5.67170877186383e-05,0.119043884075316,1.32392881102561e-08,1
0.01,0.0001,SpaRSA,1,0.4570871,34,10,0.000667111915067057,0.124118996510578,1.90201580840821e-06,1
0.01,0.0001,SpaRSA,2,0.4154897,31,9,0.00482850126602517,0.129839759226238,8.64127342842247e-05,1
0.01,0.0001,SpaRSA,3,0.4691546,34,10,0.000475202129735258,0.133225477656388,9.41086741867991e-07,1
0.01,0.0001,SpaRSA,4,0.4596697,34,10,0.000465172369240762,0.120628095521152,9.23953207276895e-07,1
0.01,0.0001,SpaRSA,5,0.4720154,34,10,0.000525061896655904,0.132371254780573,1.18824752071145e-06,1
0.01,0.0001,SpaRSA,6,0.4828034,34,10,0.000490333557199051,0.125509215479231,1.01665532836748e-06,1
0.01,0.0001,SpaRSA,7,0.4537865,34,10,0.000481382106954648,0.128867895423769,9.15837344517278e-07,1
0.01,0.0001,SpaRSA,8,0.4816048,34,10,0.00061311100396462,0.124223152412075,1.46385720045661e-06,1
0.01,0.0001,SpaRSA,9,0.4685472,34,10,0.000486722982852568,0.119617935472258,9.65696095645008e-07,1
0.01,0.0001,SpaRSA,10,0.4865857,34,10,0.000602119099692998,0.118847552907616,1.44683053837635e-06,1
0.01,0.0001,TMAP-CG,1,0.1625167,72,4,0.000100856666362075,0.124540239994205,4.12974723307258e-08,1
0.01,0.0001,TMAP-CG,2,0.1308868,56,3,0.00461158461096796,0.123432829800689,8.41908959867688e-05,1
0.01,0.0001,TMAP-CG,3,0.1517527,70,4,1.57859401331478e-07,0.133264593106296,1.04360964314765e-13,1
0.01,0.0001,TMAP-CG,4,0.1573597,70,4,2.25994020588588e-07,0.120857944517352,2.04503081135954e-13,1
0.01,0.0001,TMAP-CG,5,0.1539182,70,4,1.18413072276479e-07,0.132678920529384,5.79536418854332e-14,1
0.01,0.0001,TMAP-CG,6,0.1374156,56,3,0.00457120974010338,0.121439904302392,8.21423200041416e-05,1
0.01,0.0001,TMAP-CG,7,0.1567516,72,4,2.27857364729702e-07,0.128802801156693,2.1627144519698e-13,1
0.01,0.0001,TMAP-CG,8,0.1556722,70,4,1.12006349576595e-07,0.124316850132051,5.19584375524573e-14,1
0.01,0.0001,TMAP-CG,9,0.1569516,70,4,4.45851880655094e-05,0.119692698129032,7.96968901983774e-09,1
0.01,0.0001,TMAP-CG,10,0.1669964,72,4,9.45871849063005e-05,0.118974033726377,3.6293650085284e-08,1
0.01,0.0001,TMAP-L-BFGS,1,0.1884126,26,10,0.00371440822586712,0.126498002686206,4.9352996693286e-05,1
0.01,0.0001,TMAP-L-BFGS,2,0.1650093,22,9,0.00174812360481204,0.125879248591781,1.2362668061372e-05,1
0.01,0.0001,TMAP-L-BFGS,3,0.1861354,24,10,0.00251524686657396,0.133591947464182,2.51175599346176e-05,1
0.01,0.0001,TMAP-L-BFGS,4,0.167882,22,9,0.00325950226140099,0.121944655232861,4.43403109885443e-05,1
0.01,0.0001,TMAP-L-BFGS,5,0.1848021,23,10,0.0036705451100909,0.132000163243683,5.42517294792599e-05,1
0.01,0.0001,TMAP-L-BFGS,6,0.1768626,22,9,0.00466720496920083,0.128625025184076,9.53037257531708e-05,1
0.01,0.0001,TMAP-L-BFGS,7,0.1831837,23,10,0.00360111867814766,0.128672864489741,5.15884333799344e-05,1
0.01,0.0001,TMAP-L-BFGS,8,0.1929547,24,10,0.00286847316216518,0.125744914056455,3.31961687113358e-05,1
0.01,0.0001,TMAP-L-BFGS,9,0.1865579,24,10,0.00369649523174932,0.120100214914207,5.60204628652361e-05,1
0.01,0.0001,TMAP-L-BFGS,10,0.1947061,23,10,0.00121306443194323,0.119216959203919,5.65674105934555e-06,1
0.01,0.0001,ASSN,1,0.4364889,47,8,5.65305759358981e-05,0.124514166718959,3.18908921914662e-06,1
0.01,0.0001,ASSN,2,0.3907046,45,8,2.56210162691921e-05,0.127411308611228,1.08626719130811e-06,1
0.01,0.0001,ASSN,3,0.4250451,47,8,3.36583607917375e-05,0.133260251112076,2.05687986964964e-06,1
0.01,0.0001,ASSN,4,0.4169039,47,8,3.55050633233102e-05,0.120839027384841,2.3181809212236e-06,1
0.01,0.0001,ASSN,5,0.428216,47,8,3.29989263659468e-05,0.132657301150008,1.78665580796711e-06,1
0.01,0.0001,ASSN,6,0.4244458,49,8,4.80103198697183e-06,0.125708493420813,1.30121501584757e-06,1
0.01,0.0001,ASSN,7,0.4208906,47,8,2.91624860026354e-05,0.128789247084257,1.7115940389445e-06,1
0.01,0.0001,ASSN,8,0.4308328,47,8,4.29875570666717e-05,0.124283846447814,2.06588297335664e-06,1
0.01,0.0001,ASSN,9,0.4277125,47,8,3.97044049844376e-05,0.119684476726066,2.07370162608189e-06,1
0.01,0.0001,ASSN,10,0.4489529,47,8,3.62224916421381e-05,0.118999768659667,1.90648184650311e-06,1
0.01,1e-06,PSSgb-L-BFGS,1,0.2949175,20,9,6.4180919550755e-05,0.121503166664651,1.77533323597601e-08,1
0.01,1e-06,PSSgb-L-BFGS,2,0.2935559,20,9,5.6620755407737e-05,0.130146111549967,1.34155362374599e-08,1
0.01,1e-06,PSSgb-L-BFGS,3,0.2576943,18,8,0.000407769448765839,0.131515894499677,7.3746488271631e-07,1
0.01,1e-06,PSSgb-L-BFGS,4,0.2639297,18,8,0.00015890098216136,0.13077561566107,1.07408439142809e-07,1
0.01,1e-06,PSSgb-L-BFGS,5,0.2857322,20,9,4.92959882742305e-05,0.119211912852533,1.05266809713456e-08,1
0.01,1e-06,PSSgb-L-BFGS,6,0.2895597,20,9,4.13699031823309e-05,0.126988761489623,7.52496709388595e-09,1
0.01,1e-06,PSSgb-L-BFGS,7,0.2535993,18,8,0.000435922311733503,0.127060977215467,8.2281790680927e-07,1
0.01,1e-06,PSSgb-L-BFGS,8,0.2881775,20,9,0.000100353973776008,0.118737444805225,4.08748175306783e-08,1
0.01,1e-06,PSSgb-L-BFGS,9,0.2945921,20,9,0.000100974543479164,0.121297401203301,3.93362857842305e-08,1
0.01,1e-06,PSSgb-L-BFGS,10,0.2489943,18,8,0.000285931315516616,0.129632984730284,3.47961226498938e-07,1
0.01,1e-06,PSSgb-CG,1,0.5229716,142,8,1.08058615777427e-05,0.121496928566631,4.6988579693874e-10,1
0.01,1e-06,PSSgb-CG,2,0.4758795,128,7,0.000264237007236345,0.130139191778422,2.83553955537919e-07,1
0.01,1e-06,PSSgb-CG,3,0.4862522,146,8,6.02823162546318e-05,0.131546898360914,1.40055805841754e-08,1
0.01,1e-06,PSSgb-CG,4,0.4493962,126,7,9.68307049807436e-05,0.130683422970161,3.91211255612589e-08,1
0.01,1e-06,PSSgb-CG,5,0.4605242,126,7,7.5071348923e-05,0.119180254649879,2.19488478503393e-08,1
0.01,1e-06,PSSgb-CG,6,0.4917892,142,8,1.70840643297467e-08,0.126987673137688,6.66133814775094e-16,1
0.01,1e-06,PSSgb-CG,7,0.4861505,142,8,2.4575976502962e-08,0.127253977797647,2.55351295663786e-15,1
0.01,1e-06,PSSgb-CG,8,0.5274062,146,8,2.81750683326725e-06,0.118736764707384,3.17454951215268e-11,1
0.01,1e-06,PSSgb-CG,9,0.6156981,168,9,0.000113932217471506,0.12126540503653,5.01766581617602e-08,1
0.01,1e-06,PSSgb-CG,10,0.4345118,126,7,1.12297271350745e-07,0.129736141020963,5.07371922253697e-14,1
0.01,1e-06,FAST-2CDA-E,1,0.3059307,7,6,2.76264992920157e-10,0.121503901701687,3.33066907387547e-16,1
0.01,1e-06,FAST-2CDA-E,2,0.308739,7,6,2.77173542407974e-10,0.130140193444766,-1.22124532708767e-15,1
0.01,1e-06,FAST-2CDA-E,3,0.2892524,6,5,2.7683011553854e-10,0.131568098517681,-9.99200722162641e-16,1
0.01,1e-06,FAST-2CDA-E,4,0.3038568,7,6,4.11241115859729e-08,0.130737638320017,6.66133814775094e-15,1
0.01,1e-06,FAST-2CDA-E,5,0.3007369,7,6,2.67376758969749e-07,0.119205508790557,3.15525383598469e-13,1
0.01,1e-06,FAST-2CDA-E,6,0.2853373,6,5,2.77990936559669e-10,0.126987670331932,-5.55111512312578e-16,1
0.01,1e-06,FAST-2CDA-E,7,0.3011841,7,6,2.78221931276851e-10,0.127253962915515,9.99200722162641e-16,1
0.01,1e-06,FAST-2CDA-E,8,0.2982909,7,6,3.72522180271315e-08,0.11873787263283,5.44009282066327e-15,1
0.01,1e-06,FAST-2CDA-E,9,0.3076373,7,6,2.79252522233801e-10,0.121311075772118,2.22044604925031e-16,1
0.01,1e-06,FAST-2CDA-E,10,0.2850615,6,5,2.76772492732853e-10,0.129736040608549,2.22044604925031e-16,1
0.01,1e-06,SpaRSA,1,0.5253953,37,11,0.000442672669481508,0.121086463106964,8.45372191471405e-07,1
0.01,1e-06,SpaRSA,2,0.482367,34,10,0.000411036988273062,0.129759581762672,7.06257872407079e-07,1
0.01,1e-06,SpaRSA,3,0.5141856,37,11,0.00045354915433873,0.131169969423513,9.32009663889843e-07,1
0.01,1e-06,SpaRSA,4,0.4842289,34,10,0.0003025773179098,0.130459619564555,3.91944856237281e-07,1
0.01,1e-06,SpaRSA,5,0.5526024,40,12,8.42751979160399e-05,0.119208604742623,2.79311002104876e-08,1
0.01,1e-06,SpaRSA,6,0.4607323,34,10,0.000423034988663024,0.126654081750419,7.71954153488963e-07,1
0.01,1e-06,SpaRSA,7,0.4562294,34,10,0.000408649869473621,0.127108472112897,7.20913302165727e-07,1
0.01,1e-06,SpaRSA,8,0.4727931,34,10,0.000411860559580523,0.118595582003989,7.17033969421799e-07,1
0.01,1e-06,SpaRSA,9,0.5684942,40,12,7.71462752906285e-05,0.121361799526081,2.34271108068285e-08,1
0.01,1e-06,SpaRSA,10,0.4540715,34,10,0.000302352008146147,0.12950935437267,3.92223089562549e-07,1
0.01,1e-06,TMAP-CG,1,0.1555449,70,4,8.78788747109457e-05,0.121501495665274,2.97635885937453e-08,1
0.01,1e-06,TMAP-CG,2,0.1534535,70,4,1.29999074215996e-07,0.130140059357546,6.80566714095221e-14,1
0.01,1e-06,TMAP-CG,3,0.1505184,70,4,3.48711800231205e-06,0.131568361574045,5.01442221079174e-11,1
0.01,1e-06,TMAP-CG,4,0.1442384,68,4,8.48741337940756e-06,0.130734407948917,2.89733126379588e-10,1
0.01,1e-06,TMAP-CG,5,0.1466888,70,4,0.000202875988384372,0.1192077936282,4.67707290674468e-08,1
0.01,1e-06,TMAP-CG,6,0.148149,70,4,1.23481515349608e-07,0.126987544780466,5.93969318174459e-14,1
0.01,1e-06,TMAP-CG,7,0.1486441,70,4,1.03712671881615e-07,0.127253857381989,4.41868763800812e-14,1
0.01,1e-06,TMAP-CG,8,0.1559916,70,4,1.21111088717805e-07,0.118737741702534,6.0063065632221e-14,1
0.01,1e-06,TMAP-CG,9,0.1651181,72,4,7.97367535012003e-05,0.121306110037696,2.58159532640079e-08,1
0.01,1e-06,TMAP-CG,10,0.1419745,68,4,6.58804982557256e-06,0.129739378734279,1.81332504567422e-10,1
0.01,1e-06,TMAP-L-BFGS,1,0.2382591,30,13,0.000415037344236273,0.121209299294062,7.61695552076169e-07,1
0.01,1e-06,TMAP-L-BFGS,2,0.2212685,28,12,0.000209064080856284,0.130266701668524,1.68780097342669e-07,1
0.01,1e-06,TMAP-L-BFGS,3,0.2280413,30,13,0.000228511591774447,0.131367710041128,2.33254106918324e-07,1
0.01,1e-06,TMAP-L-BFGS,4,0.218285,27,12,0.000211296153326332,0.130547376235989,1.93964289518789e-07,1
0.01,1e-06,TMAP-L-BFGS,5,0.1996912,25,11,0.000126456496827422,0.119201524401339,6.38121978591144e-08,1
0.01,1e-06,TMAP-L-BFGS,6,0.1954195,25,11,0.000330679810946719,0.12689792153895,4.48209163006474e-07,1
0.01,1e-06,TMAP-L-BFGS,7,0.2098328,28,12,0.000345365968828502,0.127478876690285,5.30404767662418e-07,1
0.01,1e-06,TMAP-L-BFGS,8,0.2286506,32,13,0.000296336886364581,0.118807279863306,3.59997431420567e-07,1
0.01,1e-06,TMAP-L-BFGS,9,0.258677,34,14,0.000324926932921783,0.121311195270133,4.33735332983076e-07,1
0.01,1e-06,TMAP-L-BFGS,10,0.2188782,30,13,0.000227039598994959,0.129948274921248,2.28056960649425e-07,1
0.01,1e-06,ASSN,1,0.4764359,55,9,4.42301381606659e-08,0.121503895347434,2.2962243217961e-10,1
0.01,1e-06,ASSN,2,0.4685035,51,9,2.77737235028603e-07,0.130140242799665,9.60836188390601e-10,1
0.01,1e-06,ASSN,3,0.4514447,55,9,6.7877623880353e-08,0.131568041586362,1.62980451356987e-09,1
0.01,1e-06,ASSN,4,0.4102701,45,8,2.69683552470286e-05,0.130712286976451,9.07586113041425e-07,1
0.01,1e-06,ASSN,5,0.4488036,53,9,7.05472829767134e-08,0.119205301573998,1.71372060986386e-09,1
0.01,1e-06,ASSN,6,0.4497017,53,9,3.87723182623083e-07,0.126987659284049,2.08762707121224e-09,1
0.01,1e-06,ASSN,7,0.4477527,55,9,5.31042435898663e-08,0.127253935191141,1.1404948097038e-09,1
0.01,1e-06,ASSN,8,0.4709706,55,9,4.04151392127129e-08,0.118737837004463,1.50547796451406e-09,1
0.01,1e-06,ASSN,9,0.4984114,55,9,5.36856610586809e-08,0.121311047561283,1.90951143785867e-09,1
0.01,1e-06,ASSN,10,0.4244232,51,9,1.57530869770136e-07,0.129736020526274,5.70254954368465e-10,1
0.05,0.01,PSSgb-L-BFGS,1,0.3443788,24,9,0.0692924257893733,0.201373879521169,0.00605532871349779,1
0.05,0.01,PSSgb-L-BFGS,2,0.3360188,24,9,0.0555067360714761,0.208057527988027,0.00387806935161747,1
0.05,0.01,PSSgb-L-BFGS,3,0.2955919,20,8,0.0971451558875361,0.13426778220268,0.00881753373015971,1
0.05,0.01,PSSgb-L-BFGS,4,0.2794983,20,8,0.0523137486368497,0.177590565825919,0.00213192072142686,1
0.05,0.01,PSSgb-L-BFGS,5,0.2860753,20,8,0.0823310621724848,0.159984625248805,0.0054321694461399,1
0.05,0.01,PSSgb-L-BFGS,6,0.3145394,22,9,0.0464681193423729,0.204310756483212,0.00276959397848579,1
0.05,0.01,PSSgb-L-BFGS,7,0.2936592,20,8,0.0955343910673993,0.140508767091471,0.0074199721197686,1
0.05,0.01,PSSgb-L-BFGS,8,0.2912115,20,8,0.0735545794553056,0.162736130286769,0.00397311146994241,1
0.05,0.01,PSSgb-L-BFGS,9,0.2821837,20,8,0.0966830024642692,0.156225479504388,0.00707706144090964,1
0.05,0.01,PSSgb-L-BFGS,10,0.2943134,20,8,0.0974007840445413,0.137476707809013,0.00832232668799066,1
0.05,0.01,PSSgb-CG,1,0.7178915,140,7,0.00899348912511608,0.172113395231916,8.37001166362506e-05,1
0.05,0.01,PSSgb-CG,2,0.6952842,138,7,0.0102842857847673,0.183932363287729,0.000106776650847982,1
0.05,0.01,PSSgb-CG,3,0.7285585,140,7,0.0123792249260108,0.170292141200569,0.00015829735458067,1
0.05,0.01,PSSgb-CG,4,1.1289886,256,12,0.00627677371512935,0.192415163576022,3.57648928105013e-05,1
0.05,0.01,PSSgb-CG,5,0.7140443,140,7,0.0116249194400575,0.181271244923858,0.000135880913153718,1
0.05,0.01,PSSgb-CG,6,0.7300548,140,7,0.0107846717593654,0.171622326320185,0.000137187466917075,1
0.05,0.01,PSSgb-CG,7,0.7396335,140,7,0.0119883325278489,0.163685920602245,0.000152866990984552,1
0.05,0.01,PSSgb-CG,8,0.7037466,138,7,0.0110819718726411,0.180841678891424,0.000119470458880309,1
0.05,0.01,PSSgb-CG,9,0.6958957,140,7,0.012139603616477,0.175822428052461,0.000146215855228432,1
0.05,0.01,PSSgb-CG,10,0.7437792,140,7,0.0122365344751101,0.168735708704165,0.000163532650231627,1
0.05,0.01,FAST-2CDA-E,1,0.2910746,6,5,0.00529864208081466,0.175908464514905,3.46840545901095e-05,1
0.05,0.01,FAST-2CDA-E,2,0.286294,6,5,0.00262994415540578,0.187213184805767,8.42202840032834e-06,1
0.05,0.01,FAST-2CDA-E,3,0.2935362,6,5,0.00314653117972657,0.175344981263016,1.29561907201567e-05,1
0.05,0.01,FAST-2CDA-E,4,0.2855627,6,5,0.00184148231407758,0.194909448895011,3.59271667592714e-06,1
0.05,0.01,FAST-2CDA-E,5,0.2935439,6,5,0.00259511885337883,0.185701978589141,8.13093986119973e-06,1
0.05,0.01,FAST-2CDA-E,6,0.2918399,6,5,0.00644076418648787,0.177499596481841,5.72415320007363e-05,1
0.05,0.01,FAST-2CDA-E,7,0.2969181,6,5,0.00228196903156812,0.167971138381181,6.53268776090698e-06,1
0.05,0.01,FAST-2CDA-E,8,0.2913745,6,5,0.00264222079610769,0.18455359713242,7.89257067582765e-06,1
0.05,0.01,FAST-2CDA-E,9,0.2868261,6,5,0.00304475317707527,0.18078823250287,1.1797287435324e-05,1
0.05,0.01,FAST-2CDA-E,10,0.292966,6,5,0.00443452281962168,0.174158361631043,2.53631239982837e-05,1
0.05,0.01,SpaRSA,1,0.4686447,34,10,0.0289146396839314,0.159423643627217,0.00107344972248183,1
0.05,0.01,SpaRSA,2,0.460137,34,10,0.0230888941097779,0.174979142062331,0.000655977253791929,1
0.05,0.01,SpaRSA,3,0.4822193,34,10,0.038808166818398,0.152654205768196,0.00190888883602271,1
0.05,0.01,SpaRSA,4,0.3803269,28,8,0.0459488741172051,0.202132417412415,0.00153913281325105,1
0.05,0.01,SpaRSA,5,0.4279349,31,9,0.100214656729694,0.1389181166348,0.00979013630512499,1
0.05,0.01,SpaRSA,6,0.4723928,34,10,0.0462192547071467,0.146348884853692,0.00302498222534614,1
0.05,0.01,SpaRSA,7,0.4801746,34,10,0.0280664988838599,0.153011650513068,0.00101613853488506,1
0.05,0.01,SpaRSA,8,0.3928738,28,8,0.0768757189006206,0.164342250829642,0.00475763421235602,1
0.05,0.01,SpaRSA,9,0.4161537,31,9,0.0922337689192898,0.142311360438539,0.00788953149296106,1
0.05,0.01,SpaRSA,10,0.4839456,34,10,0.0368648084509886,0.153124562012005,0.00176741321449903,1
0.05,0.01,TMAP-CG,1,0.6015155,171,5,0.0133949459860278,0.172361830303712,0.000189017953447193,1
0.05,0.01,TMAP-CG,2,0.5603307,171,5,0.0123760518230153,0.185471563352698,0.000163017667056566,1
0.05,0.01,TMAP-CG,3,0.606392,171,5,0.011800032035668,0.172327698793452,0.000147711931636194,1
0.05,0.01,TMAP-CG,4,0.5059222,166,5,0.0124386982267505,0.19196858878177,0.000142184465626959,1
0.05,0.01,TMAP-CG,5,0.6696377,222,6,0.0148554885323325,0.179562291017231,0.00022402420154505,1
0.05,0.01,TMAP-CG,6,0.5980973,171,5,0.0136795547087739,0.172116693430347,0.0002124353051054,1
0.05,0.01,TMAP-CG,7,0.5833908,173,5,0.016328197132947,0.163517533305003,0.000288915166108523,1
0.05,0.01,TMAP-CG,8,0.5607109,171,5,0.0114147131585007,0.181833029764878,0.000124903599207925,1
0.05,0.01,TMAP-CG,9,0.6404056,180,5,0.0329983425397225,0.171300282645012,0.00110810657127428,1
0.05,0.01,TMAP-CG,10,0.5851812,171,5,0.0106529692882639,0.170583310556302,0.00012348142894827,1
0.05,0.01,TMAP-L-BFGS,1,0.2231673,25,10,0.0755945381261875,0.178112670883246,0.00610473740370642,1
0.05,0.01,TMAP-L-BFGS,2,0.2159986,27,10,0.0818963109288826,0.191124400232176,0.00691822313734594,1
0.05,0.01,TMAP-L-BFGS,3,0.2520017,30,11,0.0981033503646747,0.188660664017277,0.00941205410188675,1
0.05,0.01,TMAP-L-BFGS,4,0.1904262,22,9,0.0792256981107094,0.202461722273598,0.00598656507796846,1
0.05,0.01,TMAP-L-BFGS,5,0.2210709,26,10,0.0708425622928726,0.198449590232601,0.00517208259849187,1
0.05,0.01,TMAP-L-BFGS,6,0.2421134,29,11,0.0827186383585542,0.164228648206696,0.00789343056779808,1
0.05,0.01,TMAP-L-BFGS,7,0.2306656,27,10,0.0923731883240826,0.179323260812604,0.00829853340615491,1
0.05,0.01,TMAP-L-BFGS,8,0.218966,28,10,0.0857453394363965,0.180680389693058,0.0068095404374853,1
0.05,0.01,TMAP-L-BFGS,9,0.2220143,27,10,0.0819986444923932,0.189714757688393,0.00739604080093428,1
0.05,0.01,TMAP-L-BFGS,10,0.2482934,29,11,0.0754443503190172,0.191998553144656,0.00632123083448836,1
0.05,0.01,ASSN,1,0.5458752,57,7,0.00429104876490967,0.172934635810024,0.00105053803361453,1
0.05,0.01,ASSN,2,0.524281,57,7,0.00388478033675834,0.185232136021039,0.000945153571409478,1
0.05,0.01,ASSN,3,0.5727307,57,7,0.00438315752094581,0.173156970882164,0.00109466438042507,1
0.05,0.01,ASSN,4,0.4419341,49,6,0.0363879804326893,0.188112493089459,0.00927533600653083,1
0.05,0.01,ASSN,5,0.5353256,57,7,0.00327064168540676,0.183900946970035,0.000786486965324305,1
0.05,0.01,ASSN,6,0.5647664,57,7,0.00370033628705844,0.174000480451157,0.00093263127505755,1
0.05,0.01,ASSN,7,0.5775202,55,7,0.00555404403961686,0.165718039971854,0.00135461988084034,1
0.05,0.01,ASSN,8,0.5257893,53,7,0.00408195318374229,0.182636978205118,0.000979630346543356,1
0.05,0.01,ASSN,9,0.5311116,57,7,0.00405433730443352,0.178685280463562,0.00101432062467762,1
0.05,0.01,ASSN,10,0.5638524,57,7,0.00372692611105575,0.171983395028306,0.000940006687945599,1
0.05,0.0001,PSSgb-L-BFGS,1,0.3547782,24,10,0.00569939218747868,0.18448296073259,3.21949242816729e-05,1
0.05,0.0001,PSSgb-L-BFGS,2,0.3737783,26,11,0.00407761122968491,0.184222844913561,1.58686117071988e-05,1
0.05,0.0001,PSSgb-L-BFGS,3,0.3834482,26,11,0.00422799138395953,0.181611099164161,1.65958118020142e-05,1
0.05,0.0001,PSSgb-L-BFGS,4,0.3387034,24,10,0.00484703237000216,0.185521011718365,2.34227246537254e-05,1
0.05,0.0001,PSSgb-L-BFGS,5,0.3520922,24,10,0.00866658061904247,0.178909901663154,7.47863255602805e-05,1
0.05,0.0001,PSSgb-L-BFGS,6,0.3499253,24,10,0.0077333092846901,0.170870137358748,5.88449060437942e-05,1
0.05,0.0001,PSSgb-L-BFGS,7,0.3961814,28,11,0.00452018876869497,0.18681882596673,1.96611126380536e-05,1
0.05,0.0001,PSSgb-L-BFGS,8,0.4138697,28,11,0.00598027925990315,0.178513706116276,3.42423230478317e-05,1
0.05,0.0001,PSSgb-L-BFGS,9,0.3656536,26,11,0.00289279506698093,0.156606961987641,7.82163041222496e-06,1
0.05,0.0001,PSSgb-L-BFGS,10,0.3541177,24,10,0.00632346380576023,0.19715009052935,3.80868126952851e-05,1
0.05,0.0001,PSSgb-CG,1,0.7010978,138,7,0.00698624125239876,0.182751867773258,4.62771171716728e-05,1
0.05,0.0001,PSSgb-CG,2,0.7371702,158,8,0.00282031150612657,0.184263656233642,8.9661765116473e-06,1
0.05,0.0001,PSSgb-CG,3,0.7435013,156,8,0.00281546623812972,0.182088854545133,8.7228325530522e-06,1
0.05,0.0001,PSSgb-CG,4,0.7169284,156,8,0.00166051552197858,0.185976868077194,2.82117658426221e-06,1
0.05,0.0001,PSSgb-CG,5,0.7601502,158,8,0.00203705178199653,0.180692441385862,4.48615793681538e-06,1
0.05,0.0001,PSSgb-CG,6,0.7388858,156,8,0.00140403490151633,0.171179595632413,2.12789355787533e-06,1
0.05,0.0001,PSSgb-CG,7,0.72154,158,8,0.00241190510248228,0.185843039310627,6.08243961019855e-06,1
0.05,0.0001,PSSgb-CG,8,0.7429359,156,8,0.00114493802385514,0.177436177459055,1.39442405150174e-06,1
0.05,0.0001,PSSgb-CG,9,0.7224126,138,7,0.00827173800997153,0.154472386158059,7.48420596707351e-05,1
0.05,0.0001,PSSgb-CG,10,0.6871748,138,7,0.00435270119397528,0.197237166064872,1.72014609357375e-05,1
0.05,0.0001,FAST-2CDA-E,1,0.3330641,8,7,5.89391018255454e-10,0.184687986643962,-2.05528875443626e-16,1
0.05,0.0001,FAST-2CDA-E,2,0.3478448,10,9,3.56031341650821e-05,0.184568779557714,1.52883536215258e-09,1
0.05,0.0001,FAST-2CDA-E,3,0.3256482,8,7,4.68624214793967e-05,0.182326437993337,2.69842757916291e-09,1
0.05,0.0001,FAST-2CDA-E,4,0.3157474,8,7,5.50535477739464e-05,0.186115205293888,3.41519369474441e-09,1
0.05,0.0001,FAST-2CDA-E,5,0.3258912,8,7,9.16346921143092e-05,0.180890747201358,1.07036796043005e-08,1
0.05,0.0001,FAST-2CDA-E,6,0.3144334,8,7,3.66591172234338e-05,0.171256629053612,1.67594808478469e-09,1
0.05,0.0001,FAST-2CDA-E,7,0.3340971,9,8,2.80240800497827e-05,0.186039722226948,9.71205083081098e-10,1
0.05,0.0001,FAST-2CDA-E,8,0.3246638,8,7,6.14518634907741e-05,0.17750180353851,4.5227772803874e-09,1
0.05,0.0001,FAST-2CDA-E,9,0.3159852,8,7,5.96669402314169e-05,0.15692484140854,4.69850200580217e-09,1
0.05,0.0001,FAST-2CDA-E,10,0.3233654,8,7,5.86882180785575e-05,0.198024125069639,3.87759206169473e-09,1
0.05,0.0001,SpaRSA,1,0.4821172,34,10,0.00578452864720811,0.18297892352053,3.3186978786783e-05,1
0.05,0.0001,SpaRSA,2,0.553826,40,12,0.00318019168177327,0.183749829673304,1.07223688577423e-05,1
0.05,0.0001,SpaRSA,3,0.5641252,40,12,0.00295073384643902,0.181465177054099,8.78149678029451e-06,1
0.05,0.0001,SpaRSA,4,0.5384031,40,12,0.00356614571872822,0.184985861163867,1.2088934788903e-05,1
0.05,0.0001,SpaRSA,5,0.5664437,40,12,0.00375747532856998,0.180175170730293,1.54743013872831e-05,1
0.05,0.0001,SpaRSA,6,0.5396681,40,12,0.00330695139486609,0.170351943033705,1.11990365615613e-05,1
0.05,0.0001,SpaRSA,7,0.5377787,40,12,0.00359539746341995,0.184810404107743,1.27486366821643e-05,1
0.05,0.0001,SpaRSA,8,0.5699336,40,12,0.00335010848230213,0.176687465459426,1.12028674107844e-05,1
0.05,0.0001,SpaRSA,9,0.5381522,40,12,0.00655874904250532,0.155805793626419,5.00704137372445e-05,1
0.05,0.0001,SpaRSA,10,0.4835121,34,10,0.00621836909809764,0.199972550835851,4.19177213538329e-05,1
0.05,0.0001,TMAP-CG,1,0.5688029,193,6,5.60683634360995e-07,0.184687756707245,3.24941152076373e-13,1
0.05,0.0001,TMAP-CG,2,0.5754914,191,6,5.13621279312967e-05,0.184560880178332,2.8894801243212e-09,1
0.05,0.0001,TMAP-CG,3,0.580753,191,6,8.2934741023033e-05,0.182311024994148,7.57428565802539e-09,1
0.05,0.0001,TMAP-CG,4,0.5363382,188,6,5.45713238682385e-07,0.186102052532559,3.16692320492931e-13,1
0.05,0.0001,TMAP-CG,5,0.5461213,188,6,7.54083908222993e-06,0.180864038836682,6.15886418044406e-11,1
0.05,0.0001,TMAP-CG,6,0.5932879,191,6,4.07390960127702e-05,0.171242057067807,1.61441266367419e-09,1
0.05,0.0001,TMAP-CG,7,0.5889235,191,6,0.000139630353252784,0.186025887508049,2.02049866668586e-08,1
0.05,0.0001,TMAP-CG,8,0.7641477,250,7,8.41150553664781e-07,0.177490160552817,8.05133454672125e-13,1
0.05,0.0001,TMAP-CG,9,0.6636688,198,6,0.000234336929630558,0.156907422942449,6.43502430760453e-08,1
0.05,0.0001,TMAP-CG,10,0.513607,166,5,0.0065897927591872,0.196961481795536,3.94842228131005e-05,1
0.05,0.0001,TMAP-L-BFGS,1,0.3041837,38,15,0.00996542889912902,0.183524248345629,7.93900688445349e-05,1
0.05,0.0001,TMAP-L-BFGS,2,0.2768494,34,14,0.00746981870992356,0.184194715188389,6.04374028700904e-05,1
0.05,0.0001,TMAP-L-BFGS,3,0.2906622,35,14,0.00782206835021072,0.182609735710177,7.39199272172457e-05,1
0.05,0.0001,TMAP-L-BFGS,4,0.2907974,40,15,0.00450252099377725,0.186208179303742,2.11715478309339e-05,1
0.05,0.0001,TMAP-L-BFGS,5,0.3097769,38,15,0.00851406822422662,0.180681424386614,8.70863257579982e-05,1
0.05,0.0001,TMAP-L-BFGS,6,0.2902596,38,15,0.00646717278342055,0.173025332425296,4.41770210907796e-05,1
0.05,0.0001,TMAP-L-BFGS,7,0.2914164,38,15,0.00993516388321161,0.185006692726148,9.68524654055281e-05,1
0.05,0.0001,TMAP-L-BFGS,8,0.2885683,34,14,0.00541320035575335,0.176280426869572,3.23615112169979e-05,1
0.05,0.0001,TMAP-L-BFGS,9,0.3084737,43,16,0.00527532146345287,0.155205484660217,3.49226227983454e-05,1
0.05,0.0001,TMAP-L-BFGS,10,0.2683303,32,13,0.00813674386492655,0.199664119184502,6.49816319183025e-05,1
0.05,0.0001,ASSN,1,0.5846662,57,8,0.000142653171295424,0.184652175804769,1.90380390776593e-05,1
0.05,0.0001,ASSN,2,0.5820099,63,8,0.00010050185681374,0.184537867756841,1.03373776741705e-05,1
0.05,0.0001,ASSN,3,0.6057127,63,8,0.000164715966470121,0.182265931526238,2.15121168958223e-05,1
0.05,0.0001,ASSN,4,0.5571761,59,8,0.000155047873907518,0.186052878745574,1.97744263369969e-05,1
0.05,0.0001,ASSN,5,0.6152767,63,8,0.000137324765193548,0.180828082750522,1.7598697926734e-05,1
0.05,0.0001,ASSN,6,0.5852158,61,8,0.00018648176103975,0.171193664304189,2.91800493502727e-05,1
0.05,0.0001,ASSN,7,0.5749849,63,8,0.000153281063097463,0.185985829813635,1.97936502041631e-05,1
0.05,0.0001,ASSN,8,0.6027767,63,8,0.000108585073398029,0.177465061961213,1.33286279058421e-05,1
0.05,0.0001,ASSN,9,0.6161453,63,8,0.000186714343617338,0.15685637164175,3.09420081109019e-05,1
0.05,0.0001,ASSN,10,0.5794433,61,8,0.000140535952354869,0.197973117869699,1.57783397986478e-05,1
0.05,1e-06,PSSgb-L-BFGS,1,0.4416767,30,13,0.000535425571247949,0.172768234159974,3.71333123090169e-07,1
0.05,1e-06,PSSgb-L-BFGS,2,0.4011746,28,12,0.000494690183344717,0.167824253391298,3.62248326337616e-07,1
0.05,1e-06,PSSgb-L-BFGS,3,0.4564341,32,12,0.000601616031401875,0.210948821432892,3.74977937927158e-07,1
0.05,1e-06,PSSgb-L-BFGS,4,0.391554,28,12,0.000266462482177404,0.181416871380197,9.1290545582683e-08,1
0.05,1e-06,PSSgb-L-BFGS,5,0.4834135,34,13,0.00050150197468374,0.175238816649683,2.68752950489318e-07,1
0.05,1e-06,PSSgb-L-BFGS,6,0.4317458,30,13,0.000597162506486823,0.176078002156615,4.58287637698489e-07,1
0.05,1e-06,PSSgb-L-BFGS,7,0.4115538,28,12,0.000275519103224894,0.186019876794434,7.79127462833867e-08,1
0.05,1e-06,PSSgb-L-BFGS,8,0.4115224,28,12,0.000385519837331178,0.195478476345394,1.68404522624907e-07,1
0.05,1e-06,PSSgb-L-BFGS,9,0.4124248,28,12,0.000504348600057309,0.179521125070538,3.30985741806458e-07,1
0.05,1e-06,PSSgb-L-BFGS,10,0.4112208,28,12,0.000505572243880579,0.192470807155895,2.6717862715692e-07,1
0.05,1e-06,PSSgb-CG,1,0.8076376,178,9,7.02806749729472e-05,0.172689175128627,5.418499624867e-09,1
0.05,1e-06,PSSgb-CG,2,0.7512662,158,8,0.000399500630194497,0.167673934660341,1.75684672863821e-07,1
0.05,1e-06,PSSgb-CG,3,0.7212877,184,9,2.8539555895285e-08,0.210823060174957,1.37520108495264e-15,1
0.05,1e-06,PSSgb-CG,4,0.7551778,182,9,1.30319643213366e-05,0.181371900264958,1.57606439623785e-10,1
0.05,1e-06,PSSgb-CG,5,0.76707,180,9,0.00017372981154801,0.175308149040297,3.16483050084261e-08,1
0.05,1e-06,PSSgb-CG,6,0.7564624,158,8,0.000825204669785188,0.175943118795953,7.4736985979549e-07,1
0.05,1e-06,PSSgb-CG,7,0.7705511,178,9,0.000101053060050936,0.185951047870179,1.06427140459195e-08,1
0.05,1e-06,PSSgb-CG,8,0.7335224,158,8,0.000966033862830686,0.195349499565543,9.58776985266555e-07,1
0.05,1e-06,PSSgb-CG,9,0.7923243,180,9,0.000254555441096799,0.179421642772154,7.20399859684851e-08,1
0.05,1e-06,PSSgb-CG,10,0.7373089,158,8,0.000566537989944563,0.192262319254076,3.21019383438864e-07,1
0.05,1e-06,FAST-2CDA-E,1,0.3643203,10,9,5.9776769859779e-10,0.172691741171796,5.85062036001234e-16,1
0.05,1e-06,FAST-2CDA-E,2,0.3399768,9,8,5.98168092651137e-10,0.167704325450056,4.59309618498374e-16,1
0.05,1e-06,FAST-2CDA-E,3,0.3392222,9,8,5.68627815986518e-10,0.210823064826971,1.96457297850377e-16,1
0.05,1e-06,FAST-2CDA-E,4,0.352319,10,9,5.91211738334651e-10,0.181373043391428,0,1
0.05,1e-06,FAST-2CDA-E,5,0.3435822,9,8,5.92476748543962e-10,0.175316684015655,-4.45344579738861e-16,1
0.05,1e-06,FAST-2CDA-E,6,0.3745178,11,10,5.95501315336234e-10,0.175974211539744,5.8133045308804e-16,1
0.05,1e-06,FAST-2CDA-E,7,0.3629397,10,9,5.87088117984799e-10,0.185953091656117,6.27054794555889e-16,1
0.05,1e-06,FAST-2CDA-E,8,0.362207,10,9,5.81798402445618e-10,0.195375320260766,-4.30106550429867e-16,1
0.05,1e-06,FAST-2CDA-E,9,0.3647337,10,9,5.89825171291222e-10,0.179432951318897,-2.27232995586416e-16,1
0.05,1e-06,FAST-2CDA-E,10,0.3639448,10,9,5.83789826546012e-10,0.192288890643985,0,1
0.05,1e-06,SpaRSA,1,0.7356475,52,16,0.000429495018403201,0.172522836739705,2.08308157755036e-07,1
0.05,1e-06,SpaRSA,2,0.7241357,52,16,0.000325149120191285,0.16759866897883,1.20815367396219e-07,1
0.05,1e-06,SpaRSA,3,0.6374699,46,14,0.000539265949758736,0.210983267802074,3.35441236390116e-07,1
0.05,1e-06,SpaRSA,4,0.6976497,52,16,0.000322253097297962,0.181267890753547,1.04755723461555e-07,1
0.05,1e-06,SpaRSA,5,0.7151818,52,16,0.00031612774388258,0.175215127686041,1.03566429034006e-07,1
0.05,1e-06,SpaRSA,6,0.7234259,52,16,0.000337375864501714,0.175856177839934,1.27823957469557e-07,1
0.05,1e-06,SpaRSA,7,0.6483643,46,14,0.000342353373242789,0.185930627327909,1.27674753175575e-07,1
0.05,1e-06,SpaRSA,8,0.6510427,46,14,0.000723993778457275,0.19507325756428,6.4469394111108e-07,1
0.05,1e-06,SpaRSA,9,0.7329209,52,16,0.000448927744938605,0.179248763522829,2.32915592438976e-07,1
0.05,1e-06,SpaRSA,10,0.6489298,46,14,0.000429550549222476,0.192359543342082,2.1853328028321e-07,1
0.05,1e-06,TMAP-CG,1,0.620964,191,6,0.000291725332059104,0.172670998177988,9.08460567793185e-08,1
0.05,1e-06,TMAP-CG,2,0.8196624,281,8,0.000423484985263433,0.167679426221167,1.94261601956162e-07,1
0.05,1e-06,TMAP-CG,3,0.4291124,172,6,1.69079212136931e-07,0.210822992854927,3.08437957625091e-14,1
0.05,1e-06,TMAP-CG,4,0.5214763,190,6,5.68673595329083e-05,0.181367879142651,3.16053485243294e-09,1
0.05,1e-06,TMAP-CG,5,0.6004349,191,6,0.000207034136163383,0.175308024417909,4.39824572640648e-08,1
0.05,1e-06,TMAP-CG,6,0.5883872,191,6,1.7376902968042e-05,0.175975605161956,3.20708035561338e-10,1
0.05,1e-06,TMAP-CG,7,0.5278217,188,6,1.94876720080475e-07,0.185953053286696,4.09675799109848e-14,1
0.05,1e-06,TMAP-CG,8,0.6363863,225,7,3.44050190165205e-07,0.195375190656946,1.33763137183689e-13,1
0.05,1e-06,TMAP-CG,9,0.5990332,189,6,4.6526955054718e-07,0.179432838632892,2.64612823360382e-13,1
0.05,1e-06,TMAP-CG,10,0.575748,191,6,7.55183985693889e-05,0.192286454718687,5.39577472876649e-09,1
0.05,1e-06,TMAP-L-BFGS,1,0.3891396,47,20,0.000745586685861584,0.172648447708026,5.95967493476812e-07,1
0.05,1e-06,TMAP-L-BFGS,2,0.3088807,36,16,0.000907844386367771,0.167706424431913,8.96812429461975e-07,1
0.05,1e-06,TMAP-L-BFGS,3,0.3315955,43,18,0.000814792154320563,0.210685363368696,6.19874148104869e-07,1
0.05,1e-06,TMAP-L-BFGS,4,0.3136245,42,17,0.00082122961763011,0.181345935306925,6.65539728986248e-07,1
0.05,1e-06,TMAP-L-BFGS,5,0.3508924,43,19,0.000685265966975941,0.175376091398546,5.08557978123014e-07,1
0.05,1e-06,TMAP-L-BFGS,6,0.3574428,43,19,0.000702840015229734,0.176017985608099,5.26734513269848e-07,1
0.05,1e-06,TMAP-L-BFGS,7,0.3494728,43,18,0.00088755030159874,0.185754323953672,7.92583542867958e-07,1
0.05,1e-06,TMAP-L-BFGS,8,0.3284256,38,17,0.000743313911734183,0.195684160553934,6.4067169303831e-07,1
0.05,1e-06,TMAP-L-BFGS,9,0.3896383,47,20,0.000930949155205046,0.179329747350451,8.89758880671334e-07,1
0.05,1e-06,TMAP-L-BFGS,10,0.3482272,42,18,0.000973244532429094,0.192342723112119,9.57983834280138e-07,1
0.05,1e-06,ASSN,1,0.6925538,73,9,1.00251962943919e-06,0.172691440814057,9.01866649518915e-08,1
0.05,1e-06,ASSN,2,0.6678907,73,9,7.10275667067685e-07,0.167704196660573,6.18970415263619e-08,1
0.05,1e-06,ASSN,3,0.5897245,67,9,2.95688912715167e-07,0.210823052408526,9.18230624647008e-09,1
0.05,1e-06,ASSN,4,0.6223585,71,9,9.25031543335636e-07,0.181372841138953,6.83312848914553e-08,1
0.05,1e-06,ASSN,5,0.6432555,73,9,6.7079622577498e-07,0.175316525823794,6.00055537649304e-08,1
0.05,1e-06,ASSN,6,0.6633364,73,9,8.3495541408195e-07,0.175974015991629,7.45338478076656e-08,1
0.05,1e-06,ASSN,7,0.6474044,69,9,3.89142919628246e-07,0.185953078743483,2.03292299364197e-08,1
0.05,1e-06,ASSN,8,0.6476333,73,9,2.89712098485842e-07,0.195375311793959,1.33281643653146e-08,1
0.05,1e-06,ASSN,9,0.682208,73,9,5.34933001386278e-07,0.179432894247928,2.9233495341903e-08,1
0.05,1e-06,ASSN,10,0.6507049,69,9,8.09556337122508e-07,0.192288669981761,6.14798338236308e-08,1
0.1,0.01,PSSgb-L-BFGS,1,0.3135448,22,9,0.0798426224311269,0.249695457264842,0.00256086937458911,1
0.1,0.01,PSSgb-L-BFGS,2,0.3239753,22,9,0.129983462100656,0.215520509078111,0.00854446527684988,1
0.1,0.01,PSSgb-L-BFGS,3,0.4433141,30,10,0.0749562712605652,0.268995720662922,0.00270641809971375,1
0.1,0.01,PSSgb-L-BFGS,4,0.3262903,22,9,0.0749306761015519,0.239913811520316,0.00240832831343019,1
0.1,0.01,PSSgb-L-BFGS,5,0.3138043,22,9,0.0943262172662759,0.217900658543453,0.00380940611670349,1
0.1,0.01,PSSgb-L-BFGS,6,0.324723,22,9,0.0479059242554846,0.274764406941354,0.000910627483082815,1
0.1,0.01,PSSgb-L-BFGS,7,0.3140725,22,9,0.110347569764034,0.209140535898645,0.00572583380671042,1
0.1,0.01,PSSgb-L-BFGS,8,0.3089792,22,9,0.0699058459611197,0.229688985359886,0.00260958297245275,1
0.1,0.01,PSSgb-L-BFGS,9,0.3273608,22,9,0.138727185606843,0.193125494589519,0.00868105032836853,1
0.1,0.01,PSSgb-L-BFGS,10,0.3163003,22,9,0.0769751580473354,0.215242902803197,0.0028727469354089,1
0.1,0.01,PSSgb-CG,1,0.7905432,144,7,0.0433369725554401,0.245369552073089,0.000854050123226413,1
0.1,0.01,PSSgb-CG,2,0.8887684,146,7,0.139773275477013,0.175537950284237,0.00875331682024272,1
0.1,0.01,PSSgb-CG,3,0.7863642,144,7,0.0388748732704142,0.239919268894626,0.000712461151688762,1
0.1,0.01,PSSgb-CG,4,0.7916238,144,7,0.0381068743400608,0.228988901266968,0.000703135949701194,1
0.1,0.01,PSSgb-CG,5,0.8470827,146,7,0.100347770765232,0.194840873467306,0.0043612353598452,1
0.1,0.01,PSSgb-CG,6,0.7624418,144,7,0.0309946958919397,0.261028211465548,0.000431932397215985,1
0.1,0.01,PSSgb-CG,7,0.8671547,146,7,0.117651426118276,0.185339965471943,0.00611363889203164,1
0.1,0.01,PSSgb-CG,8,0.7871888,144,7,0.0344351495275852,0.218549452535957,0.000626367503885593,1
0.1,0.01,PSSgb-CG,9,0.8808241,146,7,0.0982709392433605,0.188194675978751,0.00435019916321406,1
0.1,0.01,PSSgb-CG,10,0.83223,146,7,0.0902514137567124,0.192359601288175,0.0036840835992962,1
0.1,0.01,FAST-2CDA-E,1,0.3815605,11,10,0.00809072440538217,0.261453339570844,4.39115834990953e-05,1
0.1,0.01,FAST-2CDA-E,2,0.4136856,12,11,0.00904136449372826,0.223895338454228,6.50496650440928e-05,1
0.1,0.01,FAST-2CDA-E,3,0.3904689,11,10,0.00880631403604248,0.255409365472399,5.06615289072874e-05,1
0.1,0.01,FAST-2CDA-E,4,0.4075367,12,11,0.00625986783623794,0.24238245292729,2.42154655786689e-05,1
0.1,0.01,FAST-2CDA-E,5,0.3880275,11,10,0.00921689376024408,0.228621037193873,5.85418560852175e-05,1
0.1,0.01,FAST-2CDA-E,6,0.3726895,10,9,0.00956108112547111,0.272185142131957,5.37997068352605e-05,1
0.1,0.01,FAST-2CDA-E,7,0.3913413,11,10,0.00803639067982851,0.226469290603919,4.44947278565805e-05,1
0.1,0.01,FAST-2CDA-E,8,0.3831497,11,10,0.00587209331357131,0.230909595084298,2.22642610162806e-05,1
0.1,0.01,FAST-2CDA-E,9,0.4143709,12,11,0.00616342123786102,0.221231007751075,2.90216331610656e-05,1
0.1,0.01,FAST-2CDA-E,10,0.3890298,11,10,0.00598211762713018,0.222582166103024,2.43372980678865e-05,1
0.1,0.01,SpaRSA,1,0.4692324,34,10,0.0725986853397862,0.279534455228547,0.00328988389694234,1
0.1,0.01,SpaRSA,2,0.4825688,34,10,0.107835147652554,0.248973708578943,0.00812935110691818,1
0.1,0.01,SpaRSA,3,0.4834045,34,10,0.071444110407498,0.253770791805437,0.00256596525640894,1
0.1,0.01,SpaRSA,4,0.4845481,34,10,0.0775025401422332,0.247203557760225,0.00315209044191049,1
0.1,0.01,SpaRSA,5,0.4690231,34,10,0.086599017170046,0.228141557065142,0.00399602724909262,1
0.1,0.01,SpaRSA,6,0.4869822,34,10,0.0557620783902973,0.264653788308615,0.00144001628217908,1
0.1,0.01,SpaRSA,7,0.4700458,34,10,0.0984537479256279,0.227337964476019,0.00540323568368444,1
0.1,0.01,SpaRSA,8,0.4655985,34,10,0.0849186232899524,0.223731839277742,0.00378160130022637,1
0.1,0.01,SpaRSA,9,0.4819842,34,10,0.0962704823574026,0.233777550149674,0.00552121847393667,1
0.1,0.01,SpaRSA,10,0.4724613,34,10,0.0992167586841153,0.204333505971885,0.00517576637611331,1
0.1,0.01,TMAP-CG,1,0.671193,181,5,0.0630348158931865,0.24494358459081,0.00161750093945283,1
0.1,0.01,TMAP-CG,2,1.1485959,333,8,0.0372109555221582,0.209395377975089,0.000809130303324413,1
0.1,0.01,TMAP-CG,3,0.6299813,181,5,0.0326592205734008,0.244117634201191,0.000521335913795685,1
0.1,0.01,TMAP-CG,4,0.6837893,181,5,0.0561112828084425,0.227620029944151,0.00133796729414906,1
0.1,0.01,TMAP-CG,5,0.7309796,213,6,0.0133400596391407,0.222435771191964,9.24182503236639e-05,1
0.1,0.01,TMAP-CG,6,0.6213066,177,5,0.0279283563038408,0.264304144604076,0.000339064407498144,1
0.1,0.01,TMAP-CG,7,0.7084836,209,6,0.0125213787002742,0.221307871032389,8.17778368237535e-05,1
0.1,0.01,TMAP-CG,8,0.689543,183,5,0.0538879342135002,0.218868864645576,0.00135936626850589,1
0.1,0.01,TMAP-CG,9,0.9269044,272,7,0.0250455928544377,0.212674870875146,0.00035926236921161,1
0.1,0.01,TMAP-CG,10,0.6592382,179,5,0.0275922202810079,0.213332434539912,0.000440632964003493,1
0.1,0.01,TMAP-L-BFGS,1,0.2494699,26,11,0.127055282849972,0.288532091878183,0.00783857460337501,1
0.1,0.01,TMAP-L-BFGS,2,0.2915775,28,12,0.103520664934712,0.264393484126541,0.00819412993581014,1
0.1,0.01,TMAP-L-BFGS,3,0.2595898,25,11,0.0920099141585743,0.269727301018992,0.00476009758000008,1
0.1,0.01,TMAP-L-BFGS,4,0.2614904,27,11,0.116233195578166,0.269990826857151,0.00657340151330616,1
0.1,0.01,TMAP-L-BFGS,5,0.2722942,28,12,0.0967967865945747,0.251338031714765,0.00559906485845804,1
0.1,0.01,TMAP-L-BFGS,6,0.2339532,24,10,0.122991681458054,0.299962643692345,0.00750256563298678,1
0.1,0.01,TMAP-L-BFGS,7,0.2815528,30,12,0.15572378521736,0.226713990125778,0.00896456891129354,1
0.1,0.01,TMAP-L-BFGS,8,0.2661708,28,12,0.0911946014973102,0.260637274285774,0.00567600089454338,1
0.1,0.01,TMAP-L-BFGS,9,0.3180724,36,13,0.115375989033849,0.241297813769824,0.00650617790553042,1
0.1,0.01,TMAP-L-BFGS,10,0.25551,26,11,0.153900353936056,0.238170030179042,0.00831408281992511,1
0.1,0.01,ASSN,1,0.5383949,57,6,0.00814570781288901,0.257950663155237,0.000337657159140302,1
0.1,0.01,ASSN,2,0.6124365,61,6,0.0238186730769303,0.219644593909826,0.00100109045158688,1
0.1,0.01,ASSN,3,0.4965106,49,5,0.123289503747585,0.251425514008823,0.00974341317086159,1
0.1,0.01,ASSN,4,0.5617224,57,6,0.00930258321933983,0.239922438649599,0.000383265068384273,1
0.1,0.01,ASSN,5,0.6315024,65,7,0.0206282317893116,0.225723653727482,0.00203587268935075,1
0.1,0.01,ASSN,6,0.4637058,49,5,0.0597530361452113,0.268181402015231,0.00541344741942201,1
0.1,0.01,ASSN,7,0.6471526,67,7,0.0219743899086648,0.223521102924864,0.00214206644075144,1
0.1,0.01,ASSN,8,0.615931,63,7,0.0171850443045579,0.229044897833088,0.00178915551401354,1
0.1,0.01,ASSN,9,0.6703478,67,7,0.0262430324174044,0.219903436030951,0.002433774810451,1
0.1,0.01,ASSN,10,0.6193326,63,7,0.0162879842155014,0.220480323442023,0.00163766113728242,1
0.1,0.0001,PSSgb-L-BFGS,1,0.4221234,30,12,0.0115392348722199,0.227916286522265,7.1715068334197e-05,1
0.1,0.0001,PSSgb-L-BFGS,2,0.4321343,30,12,0.00631720768777548,0.234203619984731,1.52477262185944e-05,1
0.1,0.0001,PSSgb-L-BFGS,3,0.4446315,30,13,0.00943531152114887,0.226937467382938,4.90352376515077e-05,1
0.1,0.0001,PSSgb-L-BFGS,4,0.4413042,30,12,0.00727622228167321,0.236791319415053,2.77270525348454e-05,1
0.1,0.0001,PSSgb-L-BFGS,5,0.4203513,30,12,0.0142716532184009,0.229489757247397,8.14717274141023e-05,1
0.1,0.0001,PSSgb-L-BFGS,6,0.4304254,30,12,0.00888577224155709,0.216904105535233,3.23236620987575e-05,1
0.1,0.0001,PSSgb-L-BFGS,7,0.4124175,28,12,0.00720612418898599,0.235782929019063,1.80960518709434e-05,1
0.1,0.0001,PSSgb-L-BFGS,8,0.4207253,30,12,0.0103046861324314,0.227680235835255,5.09040353607138e-05,1
0.1,0.0001,PSSgb-L-BFGS,9,0.4437342,30,12,0.00972074230829974,0.232223707895565,3.55941012724522e-05,1
0.1,0.0001,PSSgb-L-BFGS,10,0.4175272,30,12,0.00568456088275917,0.262201732550156,1.40246688754744e-05,1
0.1,0.0001,PSSgb-CG,1,0.915522,192,9,0.00960478278295555,0.22728527890164,5.33127973724007e-05,1
0.1,0.0001,PSSgb-CG,2,0.8275799,168,8,0.0132896109347248,0.232518579962708,8.78683326238141e-05,1
0.1,0.0001,PSSgb-CG,3,0.9578885,192,9,0.0104796558414326,0.226368730174879,7.07489738277394e-05,1
0.1,0.0001,PSSgb-CG,4,0.8725406,170,8,0.00859724260275748,0.23555334728639,3.73288937663888e-05,1
0.1,0.0001,PSSgb-CG,5,0.9212115,192,9,0.00983232484210412,0.229143439515491,5.5882989408723e-05,1
0.1,0.0001,PSSgb-CG,6,0.8650379,192,9,0.00222608903563557,0.217418372986768,2.76231022303551e-06,1
0.1,0.0001,PSSgb-CG,7,0.8681892,192,9,0.00156155079111197,0.235385853382835,1.20622380838845e-06,1
0.1,0.0001,PSSgb-CG,8,0.8735582,172,8,0.0125962167271539,0.226578035124519,8.82238349015957e-05,1
0.1,0.0001,PSSgb-CG,9,0.9304127,192,9,0.00841602926742598,0.231839224575197,4.03502254470575e-05,1
0.1,0.0001,PSSgb-CG,10,0.8316393,192,9,0.00140260295620847,0.262447986775677,9.63256515899826e-07,1
0.1,0.0001,FAST-2CDA-E,1,0.6222995,24,23,4.63001786823963e-06,0.228838014661259,2.49974808035816e-08,1
0.1,0.0001,FAST-2CDA-E,2,0.5766027,21,20,7.9207495930279e-10,0.234381946486021,0,1
0.1,0.0001,FAST-2CDA-E,3,0.5952428,22,21,7.9776136898816e-10,0.22826099655489,-4.39754902363143e-16,1
0.1,0.0001,FAST-2CDA-E,4,0.5172566,19,18,9.19143679634329e-05,0.236761245155407,5.88479554746725e-09,1
0.1,0.0001,FAST-2CDA-E,5,0.5117471,18,17,7.9706468425374e-10,0.230739182340793,0,1
0.1,0.0001,FAST-2CDA-E,6,0.6090485,23,22,8.02872153462068e-10,0.217605264600588,1.0090627313573e-15,1
0.1,0.0001,FAST-2CDA-E,7,0.5888145,21,20,7.84168426597161e-10,0.235492207537921,-3.78243975794602e-16,1
0.1,0.0001,FAST-2CDA-E,8,0.5294563,21,20,8.20006544167652e-05,0.228546587757866,5.22127209622114e-09,1
0.1,0.0001,FAST-2CDA-E,9,15.897103,1001,1001,0.000115867701240201,0.233013041388393,7.11584756662234e-09,1
0.1,0.0001,FAST-2CDA-E,10,0.5171583,19,18,7.62060116536624e-10,0.262553417176254,-5.54821968859482e-16,1
0.1,0.0001,SpaRSA,1,0.6983711,52,16,0.00674169310547713,0.231915957850007,3.35359615260831e-05,1
0.1,0.0001,SpaRSA,2,0.6400997,46,14,0.00642014970965587,0.235389576820297,2.48801340257678e-05,1
0.1,0.0001,SpaRSA,3,0.7347817,52,16,0.00826625939963137,0.232845529562227,5.63079189906807e-05,1
0.1,0.0001,SpaRSA,4,0.6543176,46,14,0.00873977548731076,0.239921945769567,5.27693196299252e-05,1
0.1,0.0001,SpaRSA,5,0.6950978,52,16,0.00741578492316829,0.23446481924673,4.26161941509692e-05,1
0.1,0.0001,SpaRSA,6,0.6385942,46,14,0.00823569270187879,0.21918077013986,4.56074373259936e-05,1
0.1,0.0001,SpaRSA,7,0.6070766,43,13,0.0131485361902369,0.235624388319972,9.74171003466666e-05,1
0.1,0.0001,SpaRSA,8,0.7001566,52,16,0.00635591771354192,0.231725073886572,3.22034886347291e-05,1
0.1,0.0001,SpaRSA,9,0.6504225,46,14,0.0117111945987166,0.23806467924473,9.88467575272102e-05,1
0.1,0.0001,SpaRSA,10,0.6131329,46,14,0.00743982927541358,0.265470852905442,3.58589934475638e-05,1
0.1,0.0001,TMAP-CG,1,0.7403322,211,6,0.010110560575503,0.227184864611953,5.53263843056238e-05,1
0.1,0.0001,TMAP-CG,2,0.6724435,205,6,0.00134143446260191,0.23429598384409,8.99203623989868e-07,1
0.1,0.0001,TMAP-CG,3,0.7178399,211,6,0.00524140891572046,0.227755873558972,1.58002744162182e-05,1
0.1,0.0001,TMAP-CG,4,0.6961323,201,6,0.00128027790339493,0.236645732637356,7.96777072900019e-07,1
0.1,0.0001,TMAP-CG,5,0.6805164,209,6,0.00197796837256812,0.230528246735307,2.10048821312572e-06,1
0.1,0.0001,TMAP-CG,6,0.7105022,203,6,0.00189889417644865,0.21746401004032,1.84383602855868e-06,1
0.1,0.0001,TMAP-CG,7,0.6446348,201,6,0.00123961948643248,0.235409667108877,6.92672812919466e-07,1
0.1,0.0001,TMAP-CG,8,0.6912868,207,6,0.00122865091610357,0.228387307535543,8.17911063513548e-07,1
0.1,0.0001,TMAP-CG,9,0.6939221,207,6,0.00171670929223311,0.23287116194549,1.45322624199067e-06,1
0.1,0.0001,TMAP-CG,10,0.6416509,203,6,0.0013317475532284,0.262464943063459,8.22986428137e-07,1
0.1,0.0001,TMAP-L-BFGS,1,0.3499744,37,17,0.0112905368748319,0.22824273647873,8.54529548040506e-05,1
0.1,0.0001,TMAP-L-BFGS,2,0.3151979,33,15,0.014764874677067,0.235037958872083,9.82356898719898e-05,1
0.1,0.0001,TMAP-L-BFGS,3,0.3745043,38,17,0.0115123222861306,0.227740378542605,8.27210091328531e-05,1
0.1,0.0001,TMAP-L-BFGS,4,0.3598093,38,17,0.00994029728624452,0.237595184870717,5.29028654519939e-05,1
0.1,0.0001,TMAP-L-BFGS,5,0.349323,38,17,0.011034020330384,0.230986327697329,6.4778175260635e-05,1
0.1,0.0001,TMAP-L-BFGS,6,0.3522848,38,17,0.0113362659081115,0.216419658618206,6.84538343353558e-05,1
0.1,0.0001,TMAP-L-BFGS,7,0.3653136,41,17,0.0116009563938237,0.23535735818854,6.35193064726676e-05,1
0.1,0.0001,TMAP-L-BFGS,8,0.4020824,50,20,0.0129302203727785,0.22985540680888,9.64248756739594e-05,1
0.1,0.0001,TMAP-L-BFGS,9,0.3671109,40,17,0.0118105221369232,0.233562999195807,6.96541294308444e-05,1
0.1,0.0001,TMAP-L-BFGS,10,0.3155525,35,16,0.010238444958398,0.263133197514319,4.73837423389991e-05,1
0.1,0.0001,ASSN,1,0.6303105,67,7,8.62484102512186e-05,0.228853979303229,2.76474532898978e-06,1
0.1,0.0001,ASSN,2,0.6138522,65,7,0.000239360868993929,0.234384575797559,1.88449285786276e-06,1
0.1,0.0001,ASSN,3,0.6707255,69,7,0.000423281612397942,0.228291082173494,8.56108363692325e-06,1
0.1,0.0001,ASSN,4,0.696252,71,8,0.00147766191610571,0.236824524802341,7.54752617626401e-05,1
0.1,0.0001,ASSN,5,0.7512621,81,9,4.88551584953782e-05,0.230750405273604,1.62565746012059e-06,1
0.1,0.0001,ASSN,6,0.699215,71,8,0.00274213230840821,0.217698561652855,7.70895062991803e-05,1
0.1,0.0001,ASSN,7,0.6830073,69,8,0.000485846731347262,0.235543397294845,4.23278686782793e-05,1
0.1,0.0001,ASSN,8,0.6313532,67,7,0.000325675551474469,0.22852623404832,6.07801949025471e-06,1
0.1,0.0001,ASSN,9,0.6409778,67,7,5.60158107916771e-05,0.233018410387154,1.74875548369386e-06,1
0.1,0.0001,ASSN,10,0.63015,69,8,0.000647878158576423,0.262622291183827,3.22355085371643e-05,1
0.1,1e-06,PSSgb-L-BFGS,1,0.5280376,36,15,0.000551575703125369,0.233145633659111,1.34669290360417e-07,1
0.1,1e-06,PSSgb-L-BFGS,2,0.4794507,34,14,0.00084011573288491,0.22930707771234,4.52326743529032e-07,1
0.1,1e-06,PSSgb-L-BFGS,3,0.4739038,34,14,0.000961104700470312,0.21986963166793,6.70199719241522e-07,1
0.1,1e-06,PSSgb-L-BFGS,4,0.590323,42,16,0.000782740742987818,0.229994978139626,4.08716714709145e-07,1
0.1,1e-06,PSSgb-L-BFGS,5,0.4492151,32,14,0.00124280476812358,0.241234769356457,5.74027907501338e-07,1
0.1,1e-06,PSSgb-L-BFGS,6,0.5042027,34,14,0.00110732056674261,0.231606802715345,9.1760212290456e-07,1
0.1,1e-06,PSSgb-L-BFGS,7,0.6133684,42,16,0.000659146284728675,0.216582280587709,3.23890146923228e-07,1
0.1,1e-06,PSSgb-L-BFGS,8,0.4696097,32,14,0.000804588755430307,0.272856240152201,4.22206261110713e-07,1
0.1,1e-06,PSSgb-L-BFGS,9,0.4857293,34,14,0.000780577900039951,0.236351796475315,4.20494887976297e-07,1
0.1,1e-06,PSSgb-L-BFGS,10,0.5148473,36,15,0.000416028257471441,0.216431792746997,1.08426286110557e-07,1
0.1,1e-06,PSSgb-CG,1,0.9522093,222,10,0.000138177243926255,0.233110612494065,9.62930769653642e-09,1
0.1,1e-06,PSSgb-CG,2,0.9260004,222,10,0.000232578640226998,0.22918069626827,2.57283617300935e-08,1
0.1,1e-06,PSSgb-CG,3,0.9362966,222,10,0.000185187385067943,0.219757543922026,1.57393581490885e-08,1
0.1,1e-06,PSSgb-CG,4,0.8964338,220,10,0.000396390753648932,0.229913797996259,8.67526441459486e-08,1
0.1,1e-06,PSSgb-CG,5,0.8664801,220,10,0.00021562227756472,0.241213110608977,1.84674890106845e-08,1
0.1,1e-06,PSSgb-CG,6,0.9263945,222,10,0.00044590159764481,0.231386798817088,1.0264985242301e-07,1
0.1,1e-06,PSSgb-CG,7,0.9537866,222,10,0.000348285777565577,0.216511183747049,5.87417734608428e-08,1
0.1,1e-06,PSSgb-CG,8,0.8707833,220,10,0.000536296464389606,0.272711510219256,1.35464773023743e-07,1
0.1,1e-06,PSSgb-CG,9,0.9316937,222,10,0.000496474018750572,0.236241980685362,1.21807754002269e-07,1
0.1,1e-06,PSSgb-CG,10,0.9605809,220,10,0.000280699883150165,0.216385134362651,4.16009374946112e-08,1
0.1,1e-06,FAST-2CDA-E,1,0.8449172,33,32,7.93645633875582e-10,0.233114699960594,3.88948578494171e-16,1
0.1,1e-06,FAST-2CDA-E,2,0.5673462,21,20,7.96763918629428e-10,0.229185349850655,-3.91473307368771e-16,1
0.1,1e-06,FAST-2CDA-E,3,0.6584887,26,25,8.01127752548332e-10,0.219764631028464,-2.02876273193509e-16,1
0.1,1e-06,FAST-2CDA-E,4,0.5029687,18,17,7.92546793541297e-10,0.229936146945344,4.04103756772432e-16,1
0.1,1e-06,FAST-2CDA-E,5,0.5342463,19,18,7.84052563812047e-10,0.2412299644323,0,1
0.1,1e-06,FAST-2CDA-E,6,1.0237456,45,44,8.37376660677268e-07,0.23141763992778,4.76163257614165e-13,1
0.1,1e-06,FAST-2CDA-E,7,0.5390341,19,18,8.07678433250467e-10,0.216543233670287,-2.03183033714888e-16,1
0.1,1e-06,FAST-2CDA-E,8,0.5304778,19,18,7.53456185561208e-10,0.272743904132406,-1.73218930123397e-16,1
0.1,1e-06,FAST-2CDA-E,9,0.4653272,15,14,7.85483635847598e-10,0.236264390540887,-1.92125491010097e-16,1
0.1,1e-06,FAST-2CDA-E,10,0.5503645,20,19,8.08955225624741e-10,0.216395378071618,4.19269402085682e-16,1
0.1,1e-06,SpaRSA,1,0.9035745,64,20,0.00106189294274371,0.233557115268206,7.76785628881012e-07,1
0.1,1e-06,SpaRSA,2,0.7822151,58,18,0.00108791243033237,0.229221071407324,7.11474776336183e-07,1
0.1,1e-06,SpaRSA,3,0.8536051,64,20,0.0008500860400918,0.220030974281372,5.0694678999717e-07,1
0.1,1e-06,SpaRSA,4,0.8648883,64,20,0.000740961336355496,0.23020358066699,3.79851855526771e-07,1
0.1,1e-06,SpaRSA,5,0.816749,61,19,0.00107097094757067,0.241612658428415,8.58164749947209e-07,1
0.1,1e-06,SpaRSA,6,1.0003703,70,22,0.000678508061249447,0.231732990072734,3.46465608632831e-07,1
0.1,1e-06,SpaRSA,7,0.903445,64,20,0.000687893368695308,0.21679359321773,3.40087625292981e-07,1
0.1,1e-06,SpaRSA,8,0.9089817,64,20,0.00120147772031524,0.273181564198296,8.002079861165e-07,1
0.1,1e-06,SpaRSA,9,0.884392,64,20,0.000817378295378687,0.236574184285108,4.50947562173401e-07,1
0.1,1e-06,SpaRSA,10,0.8887244,64,20,0.00103727471190083,0.216821095104037,8.33572931253428e-07,1
0.1,1e-06,TMAP-CG,1,0.9275549,292,8,0.000613484321908793,0.233085701967397,1.80746464881336e-07,1
0.1,1e-06,TMAP-CG,2,0.7747665,267,8,3.64291960924531e-06,0.229185294073237,6.79069172627239e-12,1
0.1,1e-06,TMAP-CG,3,0.716538,235,7,3.48492059155068e-05,0.219762585688776,5.67348772768751e-10,1
0.1,1e-06,TMAP-CG,4,0.7749246,233,7,7.45204812468834e-05,0.229934315951535,2.91210563169752e-09,1
0.1,1e-06,TMAP-CG,5,0.6962183,233,7,1.56662467759187e-08,0.241229961319028,5.50626046678878e-16,1
0.1,1e-06,TMAP-CG,6,0.7482947,233,7,5.55402312831779e-05,0.231417684273188,1.12118515576313e-09,1
0.1,1e-06,TMAP-CG,7,0.7046687,205,6,0.000984955628174656,0.216475010624685,5.08357741690689e-07,1
0.1,1e-06,TMAP-CG,8,0.6247841,205,6,0.00138803517458872,0.272654875863869,8.75147072771329e-07,1
0.1,1e-06,TMAP-CG,9,0.6671508,205,6,0.00134696284130722,0.236171004059447,8.84047379401787e-07,1
0.1,1e-06,TMAP-CG,10,0.8746082,296,8,0.000248079473976591,0.216390868613397,2.82111458865435e-08,1
0.1,1e-06,TMAP-L-BFGS,1,0.4481716,47,22,0.00117074878803528,0.233115521257022,6.53014569756771e-07,1
0.1,1e-06,TMAP-L-BFGS,2,0.4092232,45,21,0.00111381696746177,0.229205650723468,5.71651735266726e-07,1
0.1,1e-06,TMAP-L-BFGS,3,0.4392625,50,23,0.00103792602346661,0.21976760460849,5.31119776294424e-07,1
0.1,1e-06,TMAP-L-BFGS,4,0.4051067,45,21,0.0012658912626233,0.2300326941875,8.48927371276024e-07,1
0.1,1e-06,TMAP-L-BFGS,5,0.4033332,45,21,0.00136813884798137,0.241361472830266,8.14421897559828e-07,1
0.1,1e-06,TMAP-L-BFGS,6,0.4655055,49,23,0.000930065038117887,0.231491453989984,4.32871413150497e-07,1
0.1,1e-06,TMAP-L-BFGS,7,0.4602814,50,22,0.00137108402278559,0.216548550242222,9.40496016298318e-07,1
0.1,1e-06,TMAP-L-BFGS,8,0.3970365,43,20,0.00140850326989023,0.272739157148763,8.64743827560725e-07,1
0.1,1e-06,TMAP-L-BFGS,9,0.4612856,58,24,0.000986053951691236,0.236212829691742,4.39467942470112e-07,1
0.1,1e-06,TMAP-L-BFGS,10,0.4478784,49,23,0.00108747334122426,0.216352005496255,6.11143912469507e-07,1
0.1,1e-06,ASSN,1,0.7081898,79,8,3.25069315009537e-07,0.233114736685283,1.43901386460383e-09,1
0.1,1e-06,ASSN,2,0.7381521,79,9,1.31811871665205e-05,0.229188759252325,4.8970142832388e-07,1
0.1,1e-06,ASSN,3,0.747815,81,9,1.62587868701927e-05,0.21976797124577,5.78916162339633e-07,1
0.1,1e-06,ASSN,4,0.7963874,91,10,1.16495205448062e-07,0.229936157542135,7.30548267931487e-10,1
0.1,1e-06,ASSN,5,0.7011783,77,9,7.78140168235254e-06,0.241230452216252,1.51162755013794e-07,1
0.1,1e-06,ASSN,6,0.8329555,93,10,2.98379954531811e-07,0.231417478033104,2.04424312708557e-09,1
0.1,1e-06,ASSN,7,0.7860425,79,9,2.06382101861025e-05,0.216548075931093,7.42754817927139e-07,1
0.1,1e-06,ASSN,8,0.5865346,65,7,4.11291391563506e-05,0.272749340326314,5.55028190998582e-07,1
0.1,1e-06,ASSN,9,0.7258524,77,9,1.0126230611549e-05,0.236266336587307,2.59366628773141e-07,1
0.1,1e-06,ASSN,10,0.8402233,93,10,1.45567259557274e-07,0.216395405857723,8.77340719891487e-10,1
